2028-01-01_00:00:00;0.22989860881867485
2028-01-07_23:00:00;0.22989860881867485
2028-01-08_00:00:00;0.2267743456731903
2028-01-14_23:00:00;0.2267743456731903
2028-01-15_00:00:00;0.4220702664465928
2028-01-21_23:00:00;0.4220702664465928
2028-01-22_00:00:00;0.40045979721763736
2028-01-28_23:00:00;0.40045979721763736
2028-01-29_00:00:00;0.5698420183918887
2028-02-04_23:00:00;0.5698420183918887
2028-02-05_00:00:00;0.2071327517095025
2028-02-11_23:00:00;0.2071327517095025
2028-02-12_00:00:00;0.5656920537609055
2028-02-18_23:00:00;0.5656920537609055
2028-02-19_00:00:00;0.6893657156331054
2028-02-25_23:00:00;0.6893657156331054
2028-02-26_00:00:00;0.2562249469464749
2028-03-03_23:00:00;0.2562249469464749
2028-03-04_00:00:00;0.21804998821032776
2028-03-10_23:00:00;0.21804998821032776
2028-03-11_00:00:00;0.21130629568497997
2028-03-17_23:00:00;0.21130629568497997
2028-03-18_00:00:00;0.4331525583588776
2028-03-24_23:00:00;0.4331525583588776
2028-03-25_00:00:00;0.3525701485498703
2028-03-31_23:00:00;0.3525701485498703
2028-04-01_00:00:00;0.45784013204432916
2028-04-07_23:00:00;0.45784013204432916
2028-04-08_00:00:00;0.5192053760905447
2028-04-14_23:00:00;0.5192053760905447
2028-04-15_00:00:00;0.19390473944824335
2028-04-21_23:00:00;0.19390473944824335
2028-04-22_00:00:00;0.20554114595614242
2028-04-28_23:00:00;0.20554114595614242
2028-04-29_00:00:00;0.27051402970997407
2028-05-05_23:00:00;0.27051402970997407
2028-05-06_00:00:00;0.26958264560245226
2028-05-12_23:00:00;0.26958264560245226
2028-05-13_00:00:00;0.46559773638292856
2028-05-19_23:00:00;0.46559773638292856
2028-05-20_00:00:00;0.2545272341428908
2028-05-26_23:00:00;0.2545272341428908
2028-05-27_00:00:00;0.22978071209620374
2028-06-02_23:00:00;0.22978071209620374
2028-06-03_00:00:00;0.19318556944116955
2028-06-09_23:00:00;0.19318556944116955
2028-06-10_00:00:00;0.26655269983494456
2028-06-16_23:00:00;0.26655269983494456
2028-06-17_00:00:00;0.27183447300165053
2028-06-23_23:00:00;0.27183447300165053
2028-06-24_00:00:00;0.21928790379627447
2028-06-30_23:00:00;0.21928790379627447
2028-07-01_00:00:00;0.2363004008488564
2028-07-07_23:00:00;0.2363004008488564
2028-07-08_00:00:00;0.4085475123791559
2028-07-14_23:00:00;0.4085475123791559
2028-07-15_00:00:00;0.29840839424663995
2028-07-21_23:00:00;0.29840839424663995
2028-07-22_00:00:00;0.2958971940580052
2028-07-28_23:00:00;0.2958971940580052
2028-07-29_00:00:00;0.30014147606696534
2028-08-04_23:00:00;0.30014147606696534
2028-08-05_00:00:00;0.17961565668474416
2028-08-11_23:00:00;0.17961565668474416
2028-08-12_00:00:00;0.23704315020042444
2028-08-18_23:00:00;0.23704315020042444
2028-08-19_00:00:00;0.2879273756189578
2028-08-25_23:00:00;0.2879273756189578
2028-08-26_00:00:00;0.3460150907804763
2028-09-01_23:00:00;0.3460150907804763
2028-09-02_00:00:00;0.30827634991747227
2028-09-08_23:00:00;0.30827634991747227
2028-09-09_00:00:00;0.2476420655505777
2028-09-15_23:00:00;0.2476420655505777
2028-09-16_00:00:00;0.29860881867484085
2028-09-22_23:00:00;0.29860881867484085
2028-09-23_00:00:00;0.18806885168592313
2028-09-29_23:00:00;0.18806885168592313
2028-09-30_00:00:00;0.3249351568026409
2028-10-06_23:00:00;0.3249351568026409
2028-10-07_00:00:00;0.24693468521575102
2028-10-13_23:00:00;0.24693468521575102
2028-10-14_00:00:00;0.3308771516151851
2028-10-20_23:00:00;0.3308771516151851
2028-10-21_00:00:00;0.2333294034425843
2028-10-27_23:00:00;0.2333294034425843
2028-10-28_00:00:00;0.2609054468285782
2028-11-03_23:00:00;0.2609054468285782
2028-11-04_00:00:00;0.4353925960858288
2028-11-10_23:00:00;0.4353925960858288
2028-11-11_00:00:00;0.4920419712331997
2028-11-17_23:00:00;0.4920419712331997
2028-11-18_00:00:00;0.372518273991983
2028-11-24_23:00:00;0.372518273991983
2028-11-25_00:00:00;0.3616717755246404
2028-12-01_23:00:00;0.3616717755246404
2028-12-02_00:00:00;0.23011082291912285
2028-12-08_23:00:00;0.23011082291912285
2028-12-09_00:00:00;0.1982551285074275
2028-12-15_23:00:00;0.1982551285074275
2028-12-16_00:00:00;0.21938222117425135
2028-12-22_23:00:00;0.21938222117425135
2028-12-23_00:00:00;0.218497995755718
2028-12-29_23:00:00;0.218497995755718
2028-12-30_00:00:00;0.23780947889648668
2028-12-30_23:00:00;0.23780947889648668
2029-01-01_00:00:00;0.0
2030-01-01_00:00:00;0.0
