2016-01-01_00:00:00;0.30100000000000005
2016-01-31_09:00:00;0.30100000000000005
2016-01-31_10:00:00;0.34986198031000004
2016-03-01_19:00:00;0.34986198031000004
2016-03-01_20:00:00;0.3405371064160001
2016-04-01_05:00:00;0.3405371064160001
2016-04-01_06:00:00;0.4077724750780001
2016-05-01_15:00:00;0.4077724750780001
2016-05-01_16:00:00;0.47414310874300003
2016-06-01_01:00:00;0.47414310874300003
2016-06-01_02:00:00;0.45244450259800006
2016-07-01_11:00:00;0.45244450259800006
2016-07-01_12:00:00;0.444742121641
2016-07-31_21:00:00;0.444742121641
2016-07-31_22:00:00;0.5403087019420001
2016-08-31_07:00:00;0.5403087019420001
2016-08-31_08:00:00;0.4503406111570001
2016-09-30_17:00:00;0.4503406111570001
2016-09-30_18:00:00;0.402468172993
2016-10-31_03:00:00;0.402468172993
2016-10-31_04:00:00;0.37429742728900006
2016-11-30_13:00:00;0.37429742728900006
2016-11-30_14:00:00;0.356770944541
2016-12-30_23:00:00;0.356770944541
2017-01-01_00:00:00;1.0
2018-01-01_00:00:00;1.0
