2028-01-01_00:00:00;0.08065152854977262
2028-01-07_23:00:00;0.08065152854977262
2028-01-08_00:00:00;0.10085586154623548
2028-01-14_23:00:00;0.10085586154623548
2028-01-15_00:00:00;0.14367262506316322
2028-01-21_23:00:00;0.14367262506316322
2028-01-22_00:00:00;0.12277349671551288
2028-01-28_23:00:00;0.12277349671551288
2028-01-29_00:00:00;0.17958091207680646
2028-02-04_23:00:00;0.17958091207680646
2028-02-05_00:00:00;0.08823111419909045
2028-02-11_23:00:00;0.08823111419909045
2028-02-12_00:00:00;0.12060226124305205
2028-02-18_23:00:00;0.12060226124305205
2028-02-19_00:00:00;0.12391043456291057
2028-02-25_23:00:00;0.12391043456291057
2028-02-26_00:00:00;0.08166213996968166
2028-03-03_23:00:00;0.08166213996968166
2028-03-04_00:00:00;0.10431404749873674
2028-03-10_23:00:00;0.10431404749873674
2028-03-11_00:00:00;0.0754010864072764
2028-03-17_23:00:00;0.0754010864072764
2028-03-18_00:00:00;0.10243494188984335
2028-03-24_23:00:00;0.10243494188984335
2028-03-25_00:00:00;0.08018569984840829
2028-03-31_23:00:00;0.08018569984840829
2028-04-01_00:00:00;0.09023654623547246
2028-04-07_23:00:00;0.09023654623547246
2028-04-08_00:00:00;0.12094176351692774
2028-04-14_23:00:00;0.12094176351692774
2028-04-15_00:00:00;0.05844965891864578
2028-04-21_23:00:00;0.05844965891864578
2028-04-22_00:00:00;0.07010327185447196
2028-04-28_23:00:00;0.07010327185447196
2028-04-29_00:00:00;0.0844729029813037
2028-05-05_23:00:00;0.0844729029813037
2028-05-06_00:00:00;0.07813289540171804
2028-05-12_23:00:00;0.07813289540171804
2028-05-13_00:00:00;0.0791040298130369
2028-05-19_23:00:00;0.0791040298130369
2028-05-20_00:00:00;0.06588712733703891
2028-05-26_23:00:00;0.06588712733703891
2028-05-27_00:00:00;0.05759695553309752
2028-06-02_23:00:00;0.05759695553309752
2028-06-03_00:00:00;0.04974103082364831
2028-06-09_23:00:00;0.04974103082364831
2028-06-10_00:00:00;0.08877589691763517
2028-06-16_23:00:00;0.08877589691763517
2028-06-17_00:00:00;0.07955406771096514
2028-06-23_23:00:00;0.07955406771096514
2028-06-24_00:00:00;0.059341839312784236
2028-06-30_23:00:00;0.059341839312784236
2028-07-01_00:00:00;0.07420888074785245
2028-07-07_23:00:00;0.07420888074785245
2028-07-08_00:00:00;0.07127179130874178
2028-07-14_23:00:00;0.07127179130874178
2028-07-15_00:00:00;0.07259821879737241
2028-07-21_23:00:00;0.07259821879737241
2028-07-22_00:00:00;0.11900739009600808
2028-07-28_23:00:00;0.11900739009600808
2028-07-29_00:00:00;0.11442805709954522
2028-08-04_23:00:00;0.11442805709954522
2028-08-05_00:00:00;0.06875315816068722
2028-08-11_23:00:00;0.06875315816068722
2028-08-12_00:00:00;0.07915929762506316
2028-08-18_23:00:00;0.07915929762506316
2028-08-19_00:00:00;0.1063905381505811
2028-08-25_23:00:00;0.1063905381505811
2028-08-26_00:00:00;0.11763359019706923
2028-09-01_23:00:00;0.11763359019706923
2028-09-02_00:00:00;0.1703117104598282
2028-09-08_23:00:00;0.1703117104598282
2028-09-09_00:00:00;0.08439394896412329
2028-09-15_23:00:00;0.08439394896412329
2028-09-16_00:00:00;0.1440516043456291
2028-09-22_23:00:00;0.1440516043456291
2028-09-23_00:00:00;0.06945584891359273
2028-09-29_23:00:00;0.06945584891359273
2028-09-30_00:00:00;0.17332775391611926
2028-10-06_23:00:00;0.17332775391611926
2028-10-07_00:00:00;0.08585459828196058
2028-10-13_23:00:00;0.08585459828196058
2028-10-14_00:00:00;0.17831764780192016
2028-10-20_23:00:00;0.17831764780192016
2028-10-21_00:00:00;0.06754516169782719
2028-10-27_23:00:00;0.06754516169782719
2028-10-28_00:00:00;0.08058046993431026
2028-11-03_23:00:00;0.08058046993431026
2028-11-04_00:00:00;0.1700511622031329
2028-11-10_23:00:00;0.1700511622031329
2028-11-11_00:00:00;0.14332522738756948
2028-11-17_23:00:00;0.14332522738756948
2028-11-18_00:00:00;0.10891706670035371
2028-11-24_23:00:00;0.10891706670035371
2028-11-25_00:00:00;0.09877147549267307
2028-12-01_23:00:00;0.09877147549267307
2028-12-02_00:00:00;0.08475713744315311
2028-12-08_23:00:00;0.08475713744315311
2028-12-09_00:00:00;0.0887995831227893
2028-12-15_23:00:00;0.0887995831227893
2028-12-16_00:00:00;0.08266485598787267
2028-12-22_23:00:00;0.08266485598787267
2028-12-23_00:00:00;0.08115683425972714
2028-12-29_23:00:00;0.08115683425972714
2028-12-30_00:00:00;0.09166561394643759
2028-12-30_23:00:00;0.09166561394643759
2029-01-01_00:00:00;0.0
2030-01-01_00:00:00;0.0
