2017-01-01_00:00:00;5.0
2017-01-09_00:00:00;5.0
2017-01-10_00:00:00;5.6
2017-01-12_00:00:00;5.3
2017-01-13_00:00:00;5.06
2017-01-16_00:00:00;4.96
2017-01-17_00:00:00;4.8
2017-01-19_00:00:00;4.88
2017-01-20_00:00:00;5.16
2017-01-23_00:00:00;5.34
2017-01-24_00:00:00;5.23
2017-01-26_00:00:00;4.93
2017-01-27_00:00:00;5.05
2017-01-30_00:00:00;4.99
2017-01-31_00:00:00;5.2
2017-02-02_00:00:00;5.24
2017-02-03_00:00:00;5.22
2017-02-06_00:00:00;5.08
2017-02-07_00:00:00;5.08
2017-02-09_00:00:00;5.25
2017-02-10_00:00:00;5.3
2017-02-13_00:00:00;5.07
2017-02-14_00:00:00;4.95
2017-02-16_00:00:00;4.96
2017-02-17_00:00:00;4.85
2017-02-20_00:00:00;5.05
2017-02-21_00:00:00;5.09
2017-02-23_00:00:00;5.17
2017-02-24_00:00:00;5.31
2017-02-27_00:00:00;5.28
2017-02-28_00:00:00;5.15
2017-03-02_00:00:00;5.74
2017-03-03_00:00:00;5.55
2017-03-06_00:00:00;5.47
2017-03-07_00:00:00;5.43
2017-03-09_00:00:00;5.16
2017-03-10_00:00:00;5.08
2017-03-13_00:00:00;5.11
2017-03-14_00:00:00;5.16
2017-03-16_00:00:00;5.07
2017-03-17_00:00:00;5.13
2017-03-20_00:00:00;5.05
2017-03-21_00:00:00;4.93
2017-03-23_00:00:00;4.98
2017-03-24_00:00:00;4.88
2017-03-27_00:00:00;4.67
2017-03-28_00:00:00;4.63
2017-03-29_00:00:00;4.71
2017-03-30_00:00:00;4.63
2017-03-31_00:00:00;4.85
2017-04-03_00:00:00;4.7
2017-04-04_00:00:00;4.78
2017-04-06_00:00:00;4.86
2017-04-07_00:00:00;5.06
2017-04-10_00:00:00;4.84
2017-04-11_00:00:00;4.77
2017-04-12_00:00:00;4.84
2017-04-13_00:00:00;4.93
2017-04-18_00:00:00;4.85
2017-04-20_00:00:00;4.76
2017-04-21_00:00:00;4.73
2017-04-24_00:00:00;4.7
2017-04-25_00:00:00;4.62
2017-04-26_00:00:00;4.49
2017-04-27_00:00:00;4.57
2017-04-28_00:00:00;4.52
2017-05-02_00:00:00;4.48
2017-05-04_00:00:00;4.35
2017-05-05_00:00:00;4.52
2017-05-08_00:00:00;4.45
2017-05-09_00:00:00;4.37
2017-05-10_00:00:00;4.49
2017-05-11_00:00:00;4.37
2017-05-12_00:00:00;4.26
2017-05-15_00:00:00;4.41
2017-05-16_00:00:00;4.45
2017-05-18_00:00:00;4.68
2017-05-19_00:00:00;4.77
2017-05-22_00:00:00;4.87
2017-05-23_00:00:00;4.88
2017-05-24_00:00:00;4.81
2017-05-30_00:00:00;5.1
2017-06-01_00:00:00;5.05
2017-06-02_00:00:00;5.07
2017-06-06_00:00:00;5.16
2017-06-07_00:00:00;4.97
2017-06-08_00:00:00;4.96
2017-06-09_00:00:00;4.98
2017-06-12_00:00:00;5.03
2017-06-13_00:00:00;4.99
2017-06-19_00:00:00;4.84
2017-06-20_00:00:00;4.99
2017-06-21_00:00:00;4.95
2017-06-22_00:00:00;4.81
2017-06-23_00:00:00;4.87
2017-06-26_00:00:00;4.84
2017-06-27_00:00:00;4.8
2017-06-29_00:00:00;5.05
2017-06-30_00:00:00;5.02
2017-07-03_00:00:00;4.98
2017-07-04_00:00:00;5.06
2017-07-05_00:00:00;5.1
2017-07-06_00:00:00;5.07
2017-07-07_00:00:00;5.24
2017-07-10_00:00:00;5.5
2017-07-11_00:00:00;5.37
2017-07-13_00:00:00;5.46
2017-07-14_00:00:00;5.27
2017-07-17_00:00:00;5.4
2017-07-18_00:00:00;5.46
2017-07-19_00:00:00;5.39
2017-07-20_00:00:00;5.35
2017-07-21_00:00:00;5.23
2017-07-24_00:00:00;5.04
2017-07-25_00:00:00;5.12
2017-07-27_00:00:00;5.2
2017-07-28_00:00:00;5.06
2017-07-31_00:00:00;5.23
2017-08-01_00:00:00;5.6
2017-08-02_00:00:00;5.29
2017-08-03_00:00:00;5.38
2017-08-04_00:00:00;5.33
2017-08-07_00:00:00;5.24
2017-08-08_00:00:00;5.26
2017-08-10_00:00:00;5.4
2017-08-11_00:00:00;5.35
2017-08-14_00:00:00;5.41
2017-08-16_00:00:00;5.62
2017-08-17_00:00:00;5.9
2017-08-18_00:00:00;5.8
2017-08-21_00:00:00;5.81
2017-08-22_00:00:00;5.75
2017-08-24_00:00:00;5.98
2017-08-25_00:00:00;5.93
2017-08-29_00:00:00;6.07
2017-08-30_00:00:00;6.02
2017-08-31_00:00:00;5.91
2017-09-01_00:00:00;5.88
2017-09-04_00:00:00;5.8
2017-09-05_00:00:00;6.04
2017-09-08_00:00:00;6.9
2017-09-11_00:00:00;6.8
2017-09-12_00:00:00;6.65
2017-09-13_00:00:00;6.95
2017-09-14_00:00:00;7.42
2017-09-15_00:00:00;6.96
2017-09-18_00:00:00;6.85
2017-09-19_00:00:00;6.95
2017-09-21_00:00:00;6.68
2017-09-22_00:00:00;6.5
2017-09-25_00:00:00;6.8
2017-09-26_00:00:00;6.97
2017-09-27_00:00:00;6.75
2017-09-28_00:00:00;6.83
2017-09-29_00:00:00;7.09
2017-10-02_00:00:00;7.0
2017-10-05_00:00:00;6.92
2017-10-06_00:00:00;6.77
2017-10-09_00:00:00;6.92
2017-10-10_00:00:00;6.9
2017-10-11_00:00:00;7.4
2017-10-12_00:00:00;7.37
2017-10-13_00:00:00;7.3
2017-10-16_00:00:00;7.25
2017-10-17_00:00:00;7.45
2017-10-19_00:00:00;7.86
2017-10-20_00:00:00;7.56
2017-10-23_00:00:00;7.43
2017-10-24_00:00:00;7.41
2017-10-25_00:00:00;7.41
2017-10-26_00:00:00;7.46
2017-10-27_00:00:00;7.25
2017-10-30_00:00:00;7.15
2017-10-31_00:00:00;7.11
2017-11-02_00:00:00;7.52
2017-11-06_00:00:00;7.91
2017-11-07_00:00:00;7.89
2017-11-08_00:00:00;7.62
2017-11-09_00:00:00;7.79
2017-11-10_00:00:00;7.35
2017-11-13_00:00:00;7.26
2017-11-14_00:00:00;7.26
2017-11-16_00:00:00;7.68
2017-11-17_00:00:00;7.43
2017-11-20_00:00:00;7.32
2017-11-21_00:00:00;7.51
2017-11-22_00:00:00;7.46
2017-11-23_00:00:00;7.37
2017-11-24_00:00:00;7.7
2017-11-27_00:00:00;7.69
2017-11-28_00:00:00;7.59
2017-11-30_00:00:00;7.6
2017-12-01_00:00:00;7.5
2017-12-04_00:00:00;7.63
2017-12-05_00:00:00;7.49
2017-12-06_00:00:00;7.38
2017-12-07_00:00:00;7.23
2017-12-08_00:00:00;7.24
2017-12-11_00:00:00;7.1
2017-12-12_00:00:00;7.37
2017-12-14_00:00:00;6.96
2017-12-15_00:00:00;7.07
2018-01-01_00:00:00;7.07
2019-01-01_00:00:00;0